"DESCRIPTION","DURATION IN MS","NAME","PARENT SUITE","START TIME","STATUS","STOP TIME","SUB SUITE","SUITE","TEST CLASS","TEST METHOD"
"","98","test_get_users","tests.api","Sun Oct 04 07:38:13 UTC 2026","passed","Sun Oct 04 07:38:13 UTC 2026","","test_users","",""
"","1066","test_end_to_end_flow[Yaron-Mordechai-1234]","tests.ui","Sun Oct 04 07:38:21 UTC 2026","passed","Sun Oct 04 07:38:22 UTC 2026","","test_e2e","",""
"","73","test_get_user_by_id","tests.api","Sun Oct 04 07:38:13 UTC 2026","passed","Sun Oct 04 07:38:13 UTC 2026","","test_users","",""
"","1147","test_end_to_end_flow[John--5678-Last Name]","tests.ui","Sun Oct 04 07:38:17 UTC 2026","passed","Sun Oct 04 07:38:18 UTC 2026","","test_checkout_page","",""
"","1030","test_end_to_end_flow[John-Doe-5678]","tests.ui","Sun Oct 04 07:38:23 UTC 2026","passed","Sun Oct 04 07:38:24 UTC 2026","","test_e2e","",""
"","1241","test_end_to_end_flow[-Mordechai-1234-First Name]","tests.ui","Sun Oct 04 07:38:14 UTC 2026","passed","Sun Oct 04 07:38:16 UTC 2026","","test_checkout_page","",""
"","77","test_delete_user","tests.api","Sun Oct 04 07:38:13 UTC 2026","passed","Sun Oct 04 07:38:13 UTC 2026","","test_users","",""
"","70","test_set_user","tests.api","Sun Oct 04 07:38:13 UTC 2026","passed","Sun Oct 04 07:38:13 UTC 2026","","test_users","",""
"","1112","test_end_to_end_flow[Jane-Smith--Postal Code]","tests.ui","Sun Oct 04 07:38:19 UTC 2026","passed","Sun Oct 04 07:38:20 UTC 2026","","test_checkout_page","",""
"","431","test_validate_len_of_cards[6]","tests.ui","Sun Oct 04 07:38:27 UTC 2026","passed","Sun Oct 04 07:38:28 UTC 2026","","test_main_page","",""
"","1044","test_end_to_end_flow[Jane-Smith-9999]","tests.ui","Sun Oct 04 07:38:25 UTC 2026","passed","Sun Oct 04 07:38:26 UTC 2026","","test_e2e","",""
